audit_id,module_name,record_id,action_type,changed_by,changed_date
AUD001,Service Request,REQ001,Created,Ramesh Kumar,2025-01-03
AUD002,Service Request,REQ001,Approved,Anita Sharma,2025-01-05
AUD003,Service Request,REQ002,Created,Neha Singh,2025-01-06
AUD004,Service Request,REQ003,Created,Amit Verma,2025-01-08
AUD005,Service Request,REQ003,Approved,John Mathew,2025-01-12
AUD006,Service Request,REQ004,Created,Sana Khan,2025-01-10
AUD007,Service Request,REQ006,Rejected,Anita Sharma,2025-02-02
AUD008,Service Request,REQ007,Approved,David Paul,2025-02-05
AUD009,Service Request,REQ008,Created,Sana Khan,2025-02-10
AUD010,Service Request,REQ009,Approved,John Mathew,2025-02-17
AUD011,Service Request,REQ011,Created,David Paul,2025-03-01
AUD012,Service Request,REQ012,Approved,Treasury Checker,2025-03-07
AUD013,Service Request,REQ013,Approved,Finance Checker,2025-03-15
AUD014,Service Request,REQ015,Rejected,Sara Ali,2025-03-19
AUD015,Service Request,REQ017,Created,Neha Singh,2025-04-05
AUD016,Service Request,REQ020,Created,Vikram Rao,2025-04-20